ID_NR,year,day_number,age_for_analyses,cub_status,cub_number,lon,lat,merking,event,ecotype,year_death
7729,1988,96,8,yr,2,16.47,77,n,8,O,NA
7729,2000,98,20,n,NA,22.973,77.603,r,11,O,NA
7732,1988,103,11,n,NA,16.5,77,n,11,NA,NA
7733,1988,105,4,NA,NA,16.2,77,n,3,NA,NA
7736,1989,83,7,n,NA,16.5,77,n,11,O,NA
7737,1989,84,2,NA,NA,15.7,77,n,1,C,NA
7738,1989,84,9,yr,2,16,77,n,8,C,NA
7741,1989,85,2,NA,NA,16.5,77,n,1,O,1991
7750,1990,63,9,yr,1,14.7,77.5,n,7,O,NA
7752,1990,65,12,yr,2,14.7,77.5,n,8,O,NA
7753,2009,112,20,yr,1,18.973,78.323,r,7,O,NA
7753,2012,96,23,yr,1,21.1486,79.5332,r,7,O,NA
7755,1990,66,14,2yr,2,16.2,77.4,n,10,C,NA
7757,1990,66,2,NA,NA,16.2,77.1,n,1,C,NA
7757,1992,104,4,NA,NA,17.383,77.025,r,3,C,NA
7757,2003,95,15,c,2,16.8,76.81,r,6,C,NA
7757,2004,103,16,n,NA,17.248,77.047,r,11,C,NA
7757,2005,117,17,c,3,17.362,77.055,r,6,C,NA
7757,2008,116,20,c,2,17.767,77.343,r,6,C,NA
7761,1990,79,7,n,NA,16.5,77,n,11,O,NA
7761,1995,98,12,c,2,25.43,76.7,r,6,O,NA
7765,1990,88,6,n,NA,16.5,77,n,11,O,NA
7765,2001,111,16,yr,1,25.802,77.202,r,7,O,NA
7765,2005,104,20,2yr,1,13.20197,78.56583,r,9,O,NA
7767,1990,88,16,n,NA,16.5,77,n,11,O,NA
7768,1990,96,10,yr,2,NA,NA,n,8,C,NA
7768,1991,103,11,n,NA,18.883,78.383,r,11,C,NA
7768,1993,99,13,n,NA,18.69,78.33,r,11,C,NA
7768,2001,126,21,yr,1,18.304,78.854,r,7,C,NA
7771,1990,96,13,yr,1,18.69,77.33,n,7,C,NA
7771,1991,103,14,2yr,1,18.09,78.153,r,9,C,NA
7773,1990,96,3,NA,NA,18,77.5,n,2,C,NA
7773,1991,107,4,NA,NA,19.045,78.075,r,3,C,NA
7773,1993,106,6,n,NA,19.253,78.526,r,11,C,NA
7773,2008,125,21,yr,1,19.912,78.572,r,7,C,NA
7773,2009,114,22,2yr,1,20.058,78.615,r,9,C,NA
7773,2010,103,23,n,NA,19.749,78.551,r,11,C,NA
7774,1990,98,15,n,NA,15.4,77.7,n,11,O,NA
7777,1990,98,13,n,NA,16.5,77,n,11,NA,NA
7782,1991,99,11,yr,1,18.005,77.683,n,7,C,NA
7786,1991,102,14,n,NA,15.667,76.983,n,11,O,NA
7788,1991,103,3,NA,NA,18.867,78.4,n,2,C,NA
7788,1992,106,4,n,NA,18.4,77.9,r,3,C,NA
7789,1991,103,4,n,NA,18.9,78.433,n,3,C,NA
7789,1993,120,6,n,NA,19.25,78.55,r,11,C,NA
7789,1995,116,8,yr,2,18.95,78.505,r,8,C,NA
7790,1991,103,3,NA,NA,20.667,78.483,n,2,C,NA
7790,1998,107,10,n,NA,22.477,77.403,r,11,C,NA
7791,1991,103,15,n,NA,19.167,78.683,n,11,C,NA
7792,1991,106,4,n,NA,18.95,78.183,n,3,C,NA
7792,1993,101,6,n,NA,18.354,77.518,r,11,C,NA
7793,1991,106,10,n,NA,19.133,78.383,n,11,C,NA
7793,1993,103,12,c,2,20.633,78.341,r,6,C,NA
7794,1991,106,3,NA,NA,19.083,78.467,n,2,NA,NA
7798,1991,107,12,2yr,2,20.05,78.683,n,10,O,NA
7799,1991,107,2,NA,NA,20.05,78.683,n,1,NA,NA
7801,1991,108,6,n,NA,18.583,77.733,n,11,NA,NA
7801,1996,122,11,yr,2,18.35,77.63,r,8,NA,NA
7802,1991,108,11,n,NA,18.3,77.6,n,11,C,NA
7802,1992,115,12,n,1,17.67,77.35,r,11,C,NA
7802,2008,118,28,n,NA,18.236,77.493,r,11,C,NA
7803,1991,108,6,n,NA,17.45,77.233,n,11,C,NA
7803,1996,122,11,yr,1,16.2,77.4,r,7,C,NA
7803,2000,96,15,c,2,17.637,77.457,r,6,C,NA
7803,2005,106,20,n,NA,16.18593,77.02217,r,11,C,NA
7803,2008,118,23,c,1,17.761,77.25,r,5,C,NA
7804,1991,108,5,n,NA,16.5,77,n,4,C,NA
7805,1991,109,2,NA,NA,19.183,78.233,n,1,C,NA
7805,1993,99,4,NA,NA,18.85,78.33,r,3,C,NA
7805,2001,126,12,yr,1,19.17,78.229,r,7,C,NA
7805,2003,111,14,c,2,18.808,78.338,r,6,C,NA
7805,2005,115,16,n,NA,19.114,78.408,r,11,C,NA
7805,2013,119,24,yr,1,19.076,78.169,r,7,C,NA
7806,1991,109,10,n,NA,20.433,78.433,n,11,C,NA
7807,1991,109,10,n,NA,19.5,78.52,n,11,O,NA
7809,1991,123,8,yr,1,NA,NA,n,7,NA,NA
7811,1992,100,2,NA,NA,19.283,78.533,n,1,NA,NA
7812,1992,100,4,NA,NA,18.35,77.7,n,3,NA,NA
7814,1992,103,5,n,NA,15.15,77.333,n,4,C,NA
7815,1992,103,6,n,NA,16.383,77.05,n,11,C,NA
7815,1995,117,9,2yr,2,16.3,77,r,10,C,NA
7815,2003,109,17,yr,2,18.367,77.65,r,8,C,NA
7815,2005,109,19,c,1,17.41478,77.12648,r,5,C,NA
7817,1992,104,11,yr,1,18.35,77.9,n,7,C,NA
7817,1993,106,12,n,NA,17.309,77.021,r,11,C,NA
7819,1992,104,5,n,NA,17.433,77.233,n,4,NA,NA
7822,1992,104,10,yr,1,18.533,77.783,n,7,C,NA
7822,1993,119,11,c,2,18.4,77.73,r,6,C,NA
7824,1992,105,4,NA,NA,20.56,78.45,n,3,O,NA
7825,1992,105,7,n,NA,18.3,77.7,n,11,NA,NA
7826,1992,105,15,n,2,18.383,77.583,n,11,NA,NA
7829,1992,118,9,n,NA,16.25,76.95,n,11,O,NA
7830,1992,118,13,yr,1,16.25,77.03,n,7,O,NA
7832,1992,120,15,n,NA,15.544,77.001,n,11,NA,NA
7836,2007,101,15,n,NA,18.833,80.217,r,11,C,NA
7838,1993,99,14,n,NA,18.9,78.51,r,11,C,NA
7839,2009,112,18,yr,2,20.294,78.709,r,8,C,NA
7847,1989,86,5,n,NA,15.7,77,n,4,NA,NA
7847,1993,97,9,n,NA,16,77,r,11,NA,NA
7847,1995,117,11,yr,1,16,77,r,7,NA,NA
7851,1992,114,11,c,2,18.544,77.95,n,6,C,NA
7851,1993,101,12,yr,2,18.219,77.9,r,8,C,NA
7857,1993,102,8,c,2,22.584,77.336,n,6,O,NA
7860,1993,102,6,c,2,23.519,77.902,n,6,O,NA
7863,1993,102,10,c,2,21.667,78.224,n,6,C,NA
7863,2000,95,17,n,NA,21.768,77.49,r,11,C,NA
7863,2004,107,21,c,2,20.95,77.617,r,6,C,NA
7873,1993,119,14,c,2,17.66,77.5,n,6,O,NA
7877,1993,120,5,n,NA,18.55,77.8,n,4,C,NA
7884,1994,99,8,n,NA,26.01,77.494,n,11,C,NA
7887,1994,104,6,c,1,25.05,76.52,n,5,NA,NA
7889,1994,104,7,c,2,25.05,76.52,n,6,NA,NA
7893,1994,109,13,c,2,25.064,76.521,n,6,O,NA
7893,2000,104,19,n,NA,28.005,78.842,r,11,O,NA
7898,1994,114,10,yr,1,25.462,77.263,n,7,O,NA
7898,1997,110,13,yr,2,25.09,76.53,r,8,O,NA
7905,1994,115,2,NA,NA,25.381,77.359,n,1,NA,NA
7906,1994,115,2,NA,NA,25.143,77.383,n,1,NA,NA
7907,1995,88,12,n,NA,25.42,76.67,n,11,NA,NA
7909,1995,89,5,n,NA,25.433,76.67,n,4,O,NA
7910,1995,89,2,NA,NA,25.45,76.667,n,1,NA,NA
7911,1995,89,8,n,NA,25.457,76.683,n,11,O,NA
7913,1995,89,10,n,NA,25.05,76.53,n,11,O,NA
7914,1995,89,5,n,NA,25.15,76.55,n,4,O,NA
7915,1995,90,7,n,NA,25.15,76.55,n,11,NA,NA
7917,1995,94,7,n,NA,25.7,76.55,n,11,O,NA
7917,2001,102,13,yr,1,24.80472,77.96713,r,7,O,NA
7918,1995,95,6,n,NA,25.41,76.65,n,11,O,NA
7919,1995,95,6,c,2,25.45,76.67,n,6,NA,NA
7928,1995,98,8,c,2,25.44,76.7,n,6,O,NA
7934,1995,100,5,n,NA,25.95,76.5,n,4,O,NA
7934,1998,91,8,c,2,23.22,77.95,r,6,O,NA
7935,1995,101,7,c,1,25.1,76.52,n,5,O,NA
7935,1997,97,9,c,1,25.244,76.555,r,5,O,NA
7937,1995,101,8,c,2,25.45,76.7,n,6,O,NA
7940,1995,101,6,c,2,24.95,76.5,n,6,O,NA
7940,1996,101,7,c,2,24.51,76.43,r,6,O,NA
7944,1995,102,10,c,2,25.1,76.51,n,6,O,NA
7949,1995,110,8,c,2,25.1,76.51,n,6,NA,NA
7951,1994,88,7,c,2,13.701,79.515,n,6,C,NA
7951,2002,118,15,c,2,14.046,79.381,r,6,C,NA
7951,2009,96,22,yr,1,15.37,79.429,r,7,C,NA
7951,2012,99,25,n,NA,14.0439,79.3113,r,11,C,NA
7951,2013,104,26,n,NA,13.659,79.665,r,11,C,NA
7955,1994,91,3,NA,NA,12.6,78.6,n,2,C,NA
7955,2000,96,9,yr,1,17.57,77.558,r,7,C,NA
7955,2005,115,14,n,NA,19.0572,78.5215,r,11,C,NA
7963,1995,110,6,c,2,25.1,76.5,n,6,O,NA
7966,1995,111,7,n,NA,25.1,76.5,n,11,NA,NA
7969,2003,111,9,n,NA,18.57,78.3,r,11,C,NA
7970,1995,117,2,NA,NA,16.3,76.95,n,1,NA,NA
7971,1995,117,2,NA,NA,16.3,77,n,1,C,NA
7979,1996,90,17,yr,1,25.5,76.6,n,7,NA,NA
7991,1996,93,11,2yr,1,25,76.533,n,9,O,NA
7991,2002,112,17,2yr,1,15.751,78.484,r,9,O,NA
7993,1996,93,14,c,1,25.467,76.7,n,5,O,NA
7997,1996,94,7,c,2,25.45,76.7,n,6,O,NA
20052,1998,128,12,c,2,37.68,75.902,r,6,NA,NA
20072,1998,93,14,c,1,23.22,77.95,r,5,O,NA
23001,1996,94,9,c,1,24.51,76.43,n,5,O,NA
23004,1996,95,9,c,2,25.4,76.68,n,6,O,NA
23007,1996,97,6,c,2,25,76.5,n,6,NA,NA
23010,1996,97,14,c,2,25.467,76.7,n,6,O,NA
23013,1996,98,7,c,2,25.52,76.683,n,6,O,NA
23016,1996,100,8,c,2,25.43,76.67,n,6,O,NA
23016,1998,113,10,c,2,25.487,76.711,r,6,O,NA
23022,1996,102,4,NA,NA,25,76.5,n,3,NA,NA
23023,1996,103,13,n,NA,NA,NA,n,11,NA,NA
23024,1996,103,7,c,1,25.5,76.7,n,5,NA,NA
23026,1996,103,10,c,2,25.267,76.567,n,6,NA,NA
23029,1996,103,8,yr,1,25.45,76.667,n,7,O,NA
23029,2009,105,21,n,NA,25.155,76.934,r,11,O,NA
23030,2001,112,6,c,1,28.17,78.92,r,5,O,NA
23031,1996,104,3,NA,NA,25.45,76.667,n,2,NA,NA
23032,1996,104,7,c,2,24.2,77.2,n,6,NA,NA
23035,1996,104,7,c,2,25.333,76.683,n,6,NA,NA
23039,1996,108,6,c,2,25.27,76.57,n,6,NA,NA
23042,1996,110,7,c,2,25.47,76.7,n,6,NA,NA
23046,1996,110,21,c,2,24.51,76.43,n,6,NA,NA
23046,1998,104,23,2yr,1,23.365,77.298,r,9,NA,NA
23049,1996,114,9,c,2,25.51,76.5,n,6,NA,NA
23052,1996,114,7,c,2,25.45,76.67,n,6,NA,NA
23052,1997,99,8,n,NA,22.4,77.37,r,11,NA,NA
23055,1996,114,6,c,2,25,76.5,n,6,NA,NA
23058,1996,114,6,n,NA,25.51,76.1,n,11,NA,NA
23062,1996,120,5,n,NA,15.65,79.25,n,4,NA,NA
23065,1996,122,11,n,NA,18.2,77.5,n,11,NA,NA
23066,2003,112,8,n,NA,21.876,77.459,r,11,NA,NA
23066,2005,109,10,yr,1,17.56092,77.10045,r,7,NA,NA
23066,2008,123,13,n,NA,17.798,77.264,r,11,NA,NA
23069,1997,87,15,n,NA,25.21,76.6,n,11,NA,NA
23071,1997,86,22,n,NA,25.13,76.57,n,11,O,NA
23076,1997,92,10,n,NA,25.1,76.5,n,11,O,NA
23077,1997,93,6,c,2,21.97,78.2,n,6,O,NA
23087,1997,95,11,n,NA,25.02,76.5,n,11,O,NA
23089,1997,97,26,n,NA,25.18,76.58,n,11,O,NA
23091,1997,97,7,2yr,2,24.997,76.51,n,10,O,NA
23092,1997,97,2,NA,NA,24.997,76.51,n,1,O,NA
23093,1997,97,2,NA,NA,24.997,76.51,n,1,O,NA
23096,1997,98,11,c,2,22,78.15,n,6,NA,NA
23099,1997,98,18,c,1,22.045,78.074,n,5,NA,NA
23100,2000,98,3,NA,NA,23.083,78.133,r,2,NA,NA
23101,1997,99,14,2yr,1,24.95,76.83,n,9,NA,NA
23101,2004,90,21,n,NA,16.625,77.053,r,11,NA,NA
23102,1997,99,2,NA,NA,24.95,76.83,n,1,NA,NA
23103,1997,99,20,yr,2,22.5,77.38,n,8,C,NA
23103,1998,95,21,2yr,1,23.73,77.5,r,9,C,NA
23103,1999,94,22,n,NA,23.673,77.493,r,11,C,NA
23103,2001,108,24,yr,1,23.422,77.406,r,7,C,NA
23105,1998,95,2,NA,NA,23.73,77.5,r,1,C,NA
23105,2000,103,4,NA,NA,23.073,77.352,r,3,C,NA
23106,1997,99,7,c,3,21.2,78.15,n,6,C,NA
23106,2003,116,13,yr,3,23.183,77.3,r,8,C,NA
23106,2009,104,19,c,3,20.4338,78.1941,r,6,C,NA
23109,1997,99,18,n,NA,25,76.5,n,11,NA,NA
23111,1997,100,6,c,1,25.086,76.555,n,5,NA,NA
23113,1997,104,6,c,1,24.977,76.456,n,5,O,NA
23115,1997,104,17,n,NA,23.73,76.91,n,11,NA,NA
23116,1997,104,16,yr,2,23.03,77.13,n,8,NA,NA
23120,1997,105,13,n,NA,25.17,77.1,n,11,NA,NA
23123,1997,107,8,c,1,24.98,76.46,n,5,O,NA
23123,2001,107,12,yr,1,26.082,76.738,r,7,O,NA
23125,1997,109,5,n,NA,24.24,77.17,n,4,NA,NA
23126,1997,109,8,yr,1,24.33,77.05,n,7,NA,NA
23128,1997,109,9,n,NA,24.33,77.05,n,11,NA,NA
23129,1997,109,18,yr,1,24.43,76.7,n,7,NA,NA
23131,1997,109,17,n,NA,24.8,76.83,n,11,NA,NA
23135,1997,110,15,n,NA,25.09,76.53,n,11,NA,NA
23137,1997,112,5,c,1,22.65,77.3,n,5,NA,NA
23139,1997,112,7,c,1,22,78.06,n,5,NA,NA
23139,1998,100,8,n,NA,25.617,76.93,r,11,NA,NA
23139,2000,104,10,n,NA,28.09,78.818,r,11,NA,NA
23141,1997,112,7,c,2,22,78.06,n,6,NA,NA
23145,1997,112,5,c,1,25.4,76.67,n,5,O,NA
23148,1997,115,14,c,2,25.02,76.5,n,6,NA,NA
23154,1997,120,6,yr,1,37.65,75.3,n,7,O,NA
23158,1997,121,13,c,1,42.15,76.43,n,5,O,NA
23158,2000,98,16,n,NA,25.073,76.555,x-ref,11,O,NA
23161,1997,122,6,yr,2,41.95,76.95,n,8,O,NA
23165,1997,122,8,n,NA,41.8,77.22,n,11,O,NA
23166,1997,122,5,n,NA,41.5,77.63,n,4,O,NA
23168,1997,123,3,NA,NA,42.95,77.26,n,2,NA,NA
23169,1997,123,9,n,NA,43.85,77.5,n,11,O,NA
23170,1997,123,7,n,NA,42.8,77.4,n,11,O,NA
23171,1997,124,12,n,NA,41.13,77.27,n,11,O,NA
23174,1997,125,5,n,NA,37.53,77,n,4,NA,NA
23175,1997,125,22,n,NA,37.3,76.96,n,11,NA,NA
23177,1997,125,4,NA,NA,37.15,77,n,3,NA,NA
23177,2000,93,7,n,NA,22.608,77.305,r,11,NA,NA
23178,1997,125,8,n,NA,36.96,76.84,n,11,NA,NA
23180,1997,126,12,n,NA,37.05,76.8,n,11,NA,NA
23182,1997,126,16,yr,1,37.98,76.97,n,7,NA,NA
23184,1998,90,17,n,NA,24.93,76.45,n,11,O,NA
23186,1998,90,28,n,NA,25.1,76.53,n,11,O,NA
23189,1998,91,11,n,NA,24.78,77.73,n,11,O,NA
23190,1998,91,12,c,2,24.35,77.88,n,6,NA,NA
23193,1998,91,19,c,1,23.22,77.95,n,5,NA,NA
23200,1998,93,14,yr,1,25,76.5,n,7,NA,NA
23203,1998,95,15,n,NA,21.85,77.47,n,11,NA,NA
23203,2000,94,17,n,NA,22.723,78.003,r,11,NA,NA
23204,1998,95,18,n,NA,21.32,77.6,n,11,NA,NA
23205,1998,95,13,n,NA,24.07,77.62,n,11,NA,NA
23210,1998,99,9,n,NA,26.13,76.78,n,11,NA,NA
23216,1998,100,9,n,NA,25.51,76.697,n,11,NA,NA
23218,1998,101,17,n,NA,23.925,77.988,n,11,NA,NA
23219,1998,101,4,NA,NA,23.823,77.985,n,3,O,NA
23219,2014,114,20,n,NA,22.666,78.311,r,11,O,NA
23222,1998,101,9,yr,2,25.2,77.043,n,8,NA,NA
23225,1998,102,10,n,NA,25.355,76.635,n,11,NA,NA
23226,1998,103,12,c,2,25.163,76.572,n,6,O,NA
23229,1998,103,7,c,2,25.454,76.695,n,6,O,NA
23233,1998,103,11,n,NA,23.113,77.238,n,11,NA,NA
23234,1998,104,2,NA,NA,23.365,77.298,ru,1,NA,NA
23236,1998,103,7,2yr,1,22.55,77.391,n,9,NA,NA
23237,1998,103,21,c,1,21.065,78.082,n,5,NA,NA
23237,2002,114,25,n,NA,19.177,78.228,r,11,NA,NA
23239,1998,104,15,yr,2,24.351,77.195,n,8,NA,NA
23242,1998,104,15,c,2,23.75,77.55,n,6,NA,NA
23245,1998,104,3,NA,NA,24.287,77.665,n,2,NA,NA
23246,1998,104,10,c,2,25.442,76.691,n,6,O,NA
23249,1998,105,14,c,2,25.157,76.55,n,6,O,NA
23252,1998,105,15,c,2,23.113,77.402,n,6,NA,NA
23255,1998,105,3,NA,NA,24.994,76.45,n,2,NA,NA
23256,1998,106,15,c,3,25.363,76.67,n,6,O,NA
23260,1998,106,6,c,1,25.433,76.693,n,5,NA,NA
23262,1998,106,7,c,3,25.475,76.703,n,6,NA,NA
23265,1998,106,12,c,3,23.232,77.455,n,6,NA,NA
23269,1998,106,14,c,1,23.757,77.513,n,5,NA,NA
23271,1998,106,9,c,2,22.468,77.948,n,6,NA,NA
23274,1998,106,7,c,2,22.843,78.035,n,6,NA,NA
23274,2006,114,15,c,2,21.533,79.703,r,6,NA,NA
23278,1998,107,16,c,2,25.3,76.633,n,6,NA,NA
23281,1998,107,8,c,1,25.428,76.683,n,5,NA,NA
23285,1998,109,5,n,NA,26.882,76.93,n,4,NA,NA
23288,1998,111,9,c,2,22.44,78.152,n,6,NA,NA
23291,1998,111,13,c,1,25.058,77.808,n,5,NA,NA
23293,1998,111,14,n,NA,25.498,76.945,n,11,NA,NA
23294,1998,113,15,c,1,24.878,76.458,n,5,NA,NA
23296,1998,113,24,n,NA,26.26,76.502,n,11,NA,NA
23301,1998,114,10,yr,2,27.142,77.055,n,8,NA,NA
23305,1998,119,8,n,NA,37.925,74.338,n,11,O,NA
23307,1998,119,9,yr,1,38.995,74.74,n,7,O,NA
23309,1998,119,7,n,NA,39.088,74.723,n,11,O,NA
23312,1998,122,2,NA,NA,41.093,75.23,n,1,O,NA
23313,1998,122,11,n,NA,40.845,75.262,n,11,O,NA
23315,1998,124,9,n,NA,41.585,75.705,n,11,O,NA
23317,1998,124,23,n,NA,43.598,75.978,n,11,O,NA
23319,1998,124,12,n,NA,41.058,76.615,n,11,O,NA
23321,1998,124,15,yr,1,40.943,75.988,n,7,O,NA
23324,1998,127,20,n,NA,39.147,75.957,n,11,O,NA
23325,1998,127,15,yr,1,39.455,76.018,n,7,O,NA
23329,1998,127,5,n,NA,38.212,75.762,n,4,O,NA
23330,1998,127,14,n,NA,38.15,76.133,n,11,O,NA
23331,1998,127,14,yr,2,38.68,76.09,n,8,O,NA
23335,1998,128,12,yr,2,37.488,75.88,n,8,O,NA
23343,2008,122,11,c,2,17.402,77.155,r,6,C,NA
23347,2000,98,16,c,2,23.648,78.023,r,6,C,NA
23347,2012,109,28,n,NA,20.702,78.56,r,11,C,NA
23352,2008,118,24,yr,1,18.492,77.721,r,7,C,NA
23356,2004,112,10,c,2,17.617,77.367,r,6,NA,NA
23357,2003,109,7,c,2,17.783,77.5,r,6,C,NA
23357,2004,112,8,n,NA,17.683,77.517,r,11,C,NA
23357,2005,115,9,c,1,17.563,77.552,r,5,C,NA
23357,2007,90,11,c,1,17.768,77.549,r,5,C,NA
23360,2013,119,21,c,1,18.6948,77.6518,r,5,NA,NA
23361,2008,122,12,n,NA,18.026,77.377,r,11,NA,NA
23361,2012,119,16,c,2,17.719,77.427,r,6,NA,NA
23367,1999,94,19,c,2,25.2165,76.575,n,6,NA,NA
23367,2001,102,21,c,2,24.3229,77.99318,r,6,NA,NA
23370,1999,86,21,n,NA,25.35,76.67,n,11,NA,NA
23379,1999,94,4,n,NA,24.217,77.81,n,3,NA,NA
23379,2002,114,7,n,NA,18.927,78.05,r,11,NA,NA
23379,2010,100,15,n,NA,21.087,78.614,r,11,NA,NA
23384,1999,95,7,n,NA,22.542,77.498,n,11,NA,NA
23388,1999,103,4,NA,NA,22.975,77.26,n,3,NA,NA
23388,2000,88,5,n,NA,25.362,76.672,r,4,NA,NA
23390,1999,103,14,c,2,23.26,77.96,n,6,NA,NA
23393,1999,103,7,c,1,22.68,78.18,n,5,C,NA
23393,2012,118,20,c,1,22.962,78.273,r,5,C,NA
23395,1999,103,13,n,NA,22.25,78.24,n,11,NA,NA
23396,1999,103,7,n,NA,22.73,78.29,n,11,NA,NA
23397,1999,104,10,c,2,23.79,78.12,n,6,NA,NA
23397,2003,112,14,yr,1,22.749,77.29,r,7,NA,NA
23401,1999,104,22,n,NA,24.45,76.93,n,11,NA,NA
23405,1999,104,7,n,NA,25.15,78.08,n,11,NA,NA
23406,1999,104,25,n,NA,24.68,77.36,n,11,NA,NA
23407,1999,105,2,NA,NA,25.205,76.595,n,1,NA,NA
23408,1999,105,14,yr,2,25.205,76.595,n,8,NA,NA
23413,1999,105,9,c,2,28.17,78.88,n,6,O,NA
23416,1999,105,9,c,2,28.15,78.9,n,6,O,NA
23419,1999,105,18,c,1,28.13,78.85,n,5,O,NA
23421,1999,105,9,c,1,27.93,78.85,n,5,O,NA
23421,2001,108,11,n,NA,24.985,77.852,r,11,O,NA
23423,1999,105,13,2yr,1,29.08,78.9,n,9,O,NA
23423,2011,113,25,n,NA,21.557,78.59,r,11,O,NA
23424,1999,105,2,NA,NA,29.08,78.9,n,1,O,NA
23425,1999,108,7,c,1,25.21,76.6,n,5,O,NA
23425,2010,108,18,n,NA,17.056,77.798,r,11,O,NA
23432,2000,85,7,n,NA,24.923,77.467,n,11,NA,NA
23437,2000,85,9,n,NA,22.772,77.267,n,11,NA,NA
23439,2000,86,11,n,NA,27.021,77.703,n,11,NA,NA
23441,2000,86,20,n,NA,27.035,77.703,n,11,NA,NA
23443,2000,86,14,n,NA,28.238,78.752,n,11,O,NA
23445,2000,86,2,NA,NA,28.238,78.752,n,1,NA,NA
23447,2000,86,18,n,NA,27.872,78.852,n,11,O,NA
23448,2000,88,17,n,NA,24.768,76.42,n,11,NA,NA
23450,2000,88,11,n,NA,24.768,76.42,n,11,NA,NA
23457,2000,89,18,n,NA,24.437,76.958,n,11,NA,NA
23459,2000,89,13,n,NA,24.088,77.118,n,11,NA,NA
23461,2000,89,14,yr,1,24.602,77.107,n,7,NA,NA
23464,2000,90,10,n,NA,25.375,76.692,n,11,NA,NA
23465,2000,90,4,NA,NA,25.217,76.607,n,3,NA,NA
23465,2001,117,5,n,NA,24.16,77.084,r,4,NA,NA
23466,2000,92,6,n,NA,25.452,76.69,n,11,NA,NA
23476,2000,93,14,c,2,19.088,78.205,n,6,C,NA
23479,2000,93,2,NA,NA,18.858,78.305,n,1,C,NA
23479,2002,114,4,NA,NA,18.994,78.292,r,3,C,NA
23479,2003,112,5,n,NA,19.083,78.867,r,4,C,NA
23479,2007,91,9,c,2,18.926,78.336,r,6,C,NA
23479,2009,112,11,c,1,18.844,78.51,r,5,C,NA
23479,2012,112,14,c,2,19.084,78.479,r,6,C,NA
23479,2015,119,17,c,2,18.88,78.53,r,6,C,NA
23479,2017,86,19,2yr,2,18.881,78.308,r,10,C,NA
23479,2019,90,21,yr,2,18.97,78.504,r,8,C,NA
23480,2000,93,19,c,1,21.005,77.525,n,5,NA,NA
23483,2000,94,10,n,NA,25.5,76.733,n,11,NA,NA
23484,2000,94,11,c,2,22.99,78.185,n,6,NA,NA
23492,2000,95,23,n,NA,25.052,76.506,n,11,NA,NA
23499,2003,116,3,NA,NA,23.55,77.95,r,2,C,NA
23500,2008,115,8,n,NA,22.313,78.115,r,11,C,NA
23500,2015,101,15,c,2,22.286,78.364,r,6,C,NA
23500,2016,100,16,yr,2,23.535,78.684,r,8,C,NA
23500,2017,113,17,n,NA,23.464,78.116,r,11,C,NA
23500,2018,107,18,c,2,22.666,78.246,r,6,C,NA
23500,2021,112,21,n,2,23.087,78.253,r-obs,11,C,NA
23502,2000,98,9,n,NA,25.307,77.358,n,11,NA,NA
23509,2000,103,19,c,2,22.758,78.088,n,6,NA,NA
23514,2000,104,10,c,2,28.09,78.818,n,6,NA,NA
23517,2000,104,8,c,1,28.158,78.9,n,5,NA,NA
23519,2000,104,9,c,2,27.872,78.84,n,6,NA,NA
23522,2000,104,7,c,2,29.472,78.887,n,6,NA,NA
23525,2000,104,9,c,1,26.523,78.823,n,5,NA,NA
23527,2000,104,10,c,2,26.658,78.69,n,6,NA,NA
23532,2000,105,16,n,NA,20.038,78.288,n,11,NA,NA
23534,2000,105,9,c,1,21.672,78.585,n,5,NA,NA
23534,2003,113,12,c,1,20.329,78.526,r,5,NA,NA
23538,2000,111,15,c,2,28.303,78.87,n,6,O,NA
23541,2000,111,11,c,2,28.198,78.89,n,6,O,NA
23544,2000,111,13,c,2,29.368,78.885,n,6,NA,NA
23547,2000,111,8,c,2,29.471,78.885,n,6,NA,NA
23550,2000,111,24,c,1,28.123,78.883,n,5,NA,NA
23552,2000,111,20,c,1,28.183,78.888,n,5,NA,NA
23552,2001,125,21,yr,1,16.77,77.49,r,7,NA,NA
23554,2000,111,19,c,2,27.905,78.867,n,6,NA,NA
23557,2000,112,9,n,NA,25.417,76.673,n,11,NA,NA
23560,2000,112,8,n,NA,25.417,76.673,n,11,NA,NA
23561,2000,113,13,n,NA,25.42,76.703,n,11,NA,NA
23562,2000,113,9,n,NA,25.42,76.703,n,11,NA,NA
23563,2001,101,7,n,NA,24.98283,76.51151,n,11,NA,NA
23564,2001,101,7,n,NA,25.084,76.514,n,11,NA,NA
23565,2001,102,8,n,NA,25.37004,76.6474,n,11,NA,NA
23566,2001,102,9,n,NA,25.37004,76.6474,n,11,NA,NA
23567,2001,102,2,NA,NA,25.37004,76.6474,n,1,NA,NA
23573,2001,103,11,n,NA,22.448,77.438,n,11,NA,NA
23577,2001,107,24,yr,1,25.448,76.702,n,7,NA,NA
23581,2001,107,18,n,NA,24.979,76.513,n,11,NA,NA
23586,2001,108,21,n,NA,26.284,77.652,n,11,NA,NA
23587,2001,109,6,c,2,25.435,76.687,n,6,NA,NA
23590,2001,110,12,2yr,1,24.966,76.462,n,9,NA,NA
23592,2001,111,5,n,NA,25.835,77.094,n,4,NA,NA
23594,2001,111,2,NA,NA,25.108,76.766,n,1,NA,NA
23595,2001,111,11,c,2,25.415,77.112,n,6,NA,NA
23602,2001,111,11,yr,1,26.166,77.362,n,7,NA,NA
23604,2001,111,15,n,NA,25.75,76.783,n,11,NA,NA
23604,2010,100,24,n,NA,20.7916666666667,78.0833333333333,r,11,NA,NA
23606,2001,112,5,n,NA,25.041,77.433,n,4,NA,NA
23608,2001,112,10,n,NA,27.285,78.695,n,11,NA,NA
23610,2001,112,14,n,NA,28.844,78.9136,n,11,NA,NA
23611,2001,112,11,n,NA,28.88,78.89,n,11,NA,NA
23613,2001,112,8,c,2,26.472,78.39,n,6,NA,NA
23619,2001,114,5,n,NA,27.303,76.803,n,4,NA,NA
23620,2001,114,8,n,NA,25.369,76.69,n,11,NA,NA
23622,2001,114,5,n,NA,25.517,76.722,n,4,NA,NA
23627,2001,120,22,n,NA,25.89,77.4,n,11,NA,NA
23632,2001,125,4,NA,NA,15.362,77.54,n,3,NA,NA
23634,2001,125,7,2yr,1,16.223,77.411,n,9,NA,NA
23634,2004,111,10,n,NA,15.517,77.517,r,11,NA,NA
23634,2007,90,13,2yr,1,17.638,77.531,r,9,NA,NA
23634,2008,119,14,c,2,16.23,77.404,r,6,NA,NA
23634,2009,118,15,yr,2,15.735,77.536,r,8,NA,NA
23636,2001,125,11,c,1,15.4,77.1,n,5,C,NA
23636,2007,88,17,2yr,1,16.008,77.087,r,9,C,NA
23637,2003,100,2,NA,NA,16.64,77.25,r,1,C,NA
23637,2005,106,4,n,NA,16.34289,77.01727,r,3,C,NA
23637,2007,93,6,c,2,15.957,77.085,r,6,C,NA
23637,2008,109,7,yr,2,15.999,77.074,r,8,C,NA
23637,2010,82,9,n,NA,16.242,76.989,r,11,C,NA
23637,2013,98,12,n,NA,16.406,77.004,r,11,C,NA
23637,2016,104,15,n,NA,16.603,76.98,r,11,C,NA
23639,2007,87,7,yr,1,19.126,78.341,r,7,C,NA
23639,2008,118,8,n,1,18.62,77.883,r,11,C,NA
23639,2009,106,9,c,2,19.14,78.186,r,6,C,NA
23639,2011,108,11,c,2,19.17599,78.29057,r,6,C,NA
23639,2012,118,12,yr,2,18.423,77.919,r,8,C,NA
23639,2013,119,13,n,NA,19.112,78.1096,r,11,C,NA
23641,2002,97,6,n,NA,25.381,76.665,n,11,NA,NA
23643,2002,97,13,yr,1,25.332,76.662,n,7,NA,NA
23646,2002,97,16,n,NA,25.586,77.28,n,11,NA,NA
23649,2002,98,8,2yr,1,25.053,77.809,n,9,NA,NA
23651,2002,99,2,NA,NA,26.035,77.023,n,1,NA,NA
23653,2002,102,10,c,2,26.764,77.182,n,6,NA,NA
23657,2002,103,8,c,2,23.0165,77.338,n,6,NA,NA
23662,2002,103,12,n,NA,22.331,77.534,n,11,NA,NA
23664,2002,104,13,2yr,1,24.549,77.249,n,9,NA,NA
23666,2002,104,9,n,NA,22.775,77.279,n,11,NA,NA
23667,2002,104,12,n,NA,23.223,77.086,n,11,NA,NA
23667,2007,91,17,2yr,1,21.439,77.594,r,9,NA,NA
23668,2002,104,17,n,NA,23.223,77.084,n,11,NA,NA
23669,2002,104,12,n,NA,22.582,77.349,n,11,NA,NA
23670,2002,104,5,n,NA,22.405,77.528,n,4,NA,NA
23671,2002,112,19,n,NA,15.751,78.484,n,11,NA,NA
23673,2002,113,2,NA,NA,15.536,77.824,n,1,NA,NA
23675,2002,113,2,NA,NA,14.39,78.474,n,1,NA,NA
23676,2002,113,5,n,NA,14.686,78.457,n,4,NA,NA
23679,2002,115,10,c,2,12.383,79.584,n,6,O,NA
23679,2007,86,15,n,NA,12.767,79.59,r,11,O,NA
23685,2002,118,10,yr,2,13.814,79.41,n,8,NA,NA
23688,2002,120,7,c,1,14.93,79.72,n,5,C,2016
23688,2008,104,13,n,NA,16.036,79.083,r,11,C,2016
23688,2009,91,14,n,NA,13.837,79.54,r,11,C,2016
23688,2011,98,16,c,2,14.1629,79.714,r,6,C,2016
23688,2012,99,17,yr,1,14.2442,79.6557,r,7,C,2016
23688,2013,105,18,2yr,1,13.6,79.502,r,9,C,2016
23688,2015,105,20,n,NA,15.1,79.112,r,11,C,2016
23688,2016,95,21,c,1,13.692,79.413,r,5,C,2016
23689,2007,99,5,n,NA,15.733,79.203,r,4,C,NA
23689,2008,104,6,c,1,15.85,79.209,r,5,C,NA
23689,2013,110,11,n,NA,16.044,79.176,r,11,C,NA
23689,2014,97,12,n,NA,13.894,79.504,r,11,C,NA
23689,2015,105,13,c,1,16.069,79.151,r,5,C,NA
23689,2016,96,14,n,NA,13.918,79.497,r,11,C,NA
23689,2018,114,16,c,2,13.796,79.471,r,6,C,NA
23689,2022,100,20,c,1,13.485,79.487,r,5,C,NA
23690,2002,120,5,n,NA,14.364,79.721,n,4,C,NA
23690,2006,96,9,n,NA,14.202,79.602,r,11,C,NA
23690,2007,97,10,c,2,14.003,79.435,r,6,C,NA
23694,2010,103,16,n,NA,19.376,78.341,r,11,C,NA
23697,2003,95,3,NA,NA,16.28,76.26,n,2,NA,NA
23697,2005,107,5,c,1,15.95813,77.07934,r,5,NA,NA
23699,2003,100,14,yr,1,17.61,77.38,n,7,O,NA
23701,2003,105,5,n,NA,20.75,77.34,n,4,O,NA
23703,2003,105,10,yr,1,20.35,78.188,n,7,C,NA
23703,2005,116,12,c,1,20.6379,78.2423,r,5,C,NA
23703,2008,112,15,c,1,21,78.582,r,5,C,NA
23703,2009,116,16,yr,1,20.819,78.57,r,7,C,NA
23703,2017,97,24,n,NA,18.37,77.709,r,11,C,NA
23703,2022,91,29,n,NA,20.463,78.395,r,11,C,NA
23705,2003,106,12,n,NA,21,77.417,n,11,O,NA
23705,2006,89,15,n,NA,16.615,77.048,r,11,O,NA
23708,2003,107,18,n,NA,20.6,78.33,n,11,NA,NA
23714,2003,109,6,n,NA,17.817,77.517,n,11,C,NA
23714,2007,90,10,c,2,18.568,77.94,r,6,C,NA
23714,2008,110,11,yr,1,18.44,77.739,r,7,C,NA
23715,2003,109,6,c,1,17.7,77.517,n,5,C,NA
23719,2003,111,2,NA,NA,19.115,78.374,n,1,C,NA
23719,2007,87,6,n,NA,19.282,78.298,r,11,C,NA
23719,2008,112,7,n,NA,20.139,78.516,r,11,C,NA
23719,2010,103,9,n,NA,19.305,78.442,r,11,C,NA
23719,2012,110,11,c,2,20.347,78.533,r,6,C,NA
23723,2003,116,5,n,NA,25.02,76.51,n,4,NA,NA
23725,2003,116,11,c,2,25.432,76.691,n,6,NA,NA
23731,2003,119,7,c,1,16.25,76.983,n,5,C,NA
23731,2005,106,9,n,NA,16.02742,77.067,r,11,C,NA
23731,2006,89,10,c,2,16.548,77.072,r,6,C,NA
23731,2007,88,11,yr,2,16.539,77.049,r,8,C,NA
23731,2008,111,12,n,NA,16.32,77.035,r,11,C,NA
23731,2009,108,13,c,1,16.796,77.039,r,5,C,NA
23731,2010,109,14,yr,1,16.537,77.002,r,7,C,NA
23731,2011,113,15,c,1,16.322,76.967,r,5,C,NA
23732,2005,109,2,NA,NA,16.17279,76.98116,r,1,C,NA
23732,2007,89,4,NA,NA,16.443,76.993,r,3,C,NA
23732,2008,113,5,n,NA,16.27,76.975,r,4,C,NA
23732,2009,108,6,n,NA,16.536,76.989,r,11,C,NA
23732,2011,113,8,c,1,16.42,77.013,r,5,C,NA
23732,2014,96,11,n,NA,16.516,77.064,r,11,C,NA
23732,2015,118,12,c,2,16.433,77.024,r,6,C,NA
23732,2016,109,13,n,NA,16.508,77.009,r,11,C,NA
23732,2017,103,14,n,NA,16.2528,76.993,r,11,C,NA
23732,2018,116,15,n,NA,16.362,77.023,r,11,C,NA
23735,2004,94,8,c,2,17.39,77.192,n,6,NA,NA
23738,2004,102,21,n,NA,16.282,76.968,n,11,NA,NA
23738,2007,89,24,n,NA,15.544,76.869,r,11,NA,NA
23739,2004,103,6,c,1,17.14,77.058,n,5,NA,NA
23742,2004,106,16,n,NA,22.58,77.31,n,11,O,NA
23742,2005,109,17,c,2,16.8201,76.58015,r,6,O,NA
23744,2004,106,16,n,NA,22.382,77.395,n,11,NA,NA
23745,2004,106,2,NA,NA,22.382,77.395,n,1,NA,NA
23745,2016,106,14,c,2,23.045,77.557,r,6,NA,NA
23746,2004,107,9,n,NA,21.083,78.017,n,11,NA,NA
23754,2004,111,2,NA,NA,15.4,77.566,n,1,NA,NA
23758,2004,111,9,n,NA,14.15,78.333,n,11,NA,NA
23760,2004,112,13,yr,1,15.75,77.567,n,7,NA,NA
23764,2004,112,5,c,1,17.583,77.55,n,5,NA,NA
23766,2004,112,8,c,2,17.35,77.133,n,6,NA,NA
23772,2005,104,5,n,NA,15.29912,77.53541,n,4,NA,NA
23774,2005,105,15,c,2,16.87337,77.03919,n,6,NA,NA
23777,2005,105,7,yr,1,17.04534,76.66733,n,7,O,NA
23779,2005,105,18,c,1,17.05791,76.6785,n,5,C,NA
23781,2005,106,5,n,NA,15.9918,77.02036,n,4,C,NA
23781,2007,93,7,n,NA,16.317,76.929,r,11,C,NA
23781,2008,111,8,c,2,16.994,77.054,r,6,C,NA
23782,2005,106,5,n,NA,17.44277,77.12925,n,4,NA,NA
23784,2005,107,26,n,NA,16.18593,77.02217,n,11,NA,NA
23791,2005,110,10,n,NA,15,78.5,n,11,NA,NA
23794,2005,116,12,c,2,23.6652,77.526,n,6,NA,NA
23801,2005,117,3,NA,NA,15.5,77.58,n,2,NA,NA
23802,2005,119,2,NA,NA,16,79.25,n,1,C,NA
23802,2008,104,5,n,NA,16.119,79.008,r,4,C,NA
23802,2016,97,13,n,NA,16.244,79.14,r,11,C,NA
23802,2018,113,15,n,NA,16.065,79.239,r,11,C,NA
23803,2007,99,3,NA,NA,13.87,79.358,r,2,C,NA
23803,2011,97,7,n,NA,12.0425,79.6945,r,11,C,NA
23803,2015,111,11,n,NA,14.027,79.321,r,11,C,NA
23803,2016,96,12,c,1,14.111,79.336,r,5,C,NA
23808,2005,119,6,n,NA,12.5,79.58,n,11,O,NA
23808,2008,99,9,n,NA,19.798,80.615,r,11,O,NA
23811,2008,113,2,NA,NA,16.542,76.971,r,1,C,NA
23811,2010,84,4,NA,NA,16.559,77.023,r,3,C,NA
23811,2011,113,5,n,NA,16.279,76.914,r,4,C,NA
23811,2015,118,9,c,2,17.389,77.146,r,6,C,NA
23811,2016,109,10,n,NA,17.307,77.069,r,11,C,NA
23811,2017,103,11,c,2,16.4007,77.0818,r,6,C,NA
23811,2018,96,12,yr,2,17.018,77.052,r,8,C,NA
23811,2019,97,13,n,NA,16.623,77.064,r,11,C,NA
23812,2006,89,17,yr,1,16.205,77.013,n,7,NA,NA
23814,2006,90,9,n,NA,16.195,77.019,n,11,NA,NA
23815,2006,90,5,n,NA,16.056,77.038,n,4,NA,NA
23824,2006,97,12,n,NA,13.485,79.61,n,11,NA,NA
23824,2008,105,14,n,NA,12.222,79.731,r,11,NA,NA
23826,2006,97,7,c,2,11.182,79.713,n,6,O,NA
23826,2009,88,10,c,2,12.126,79.658,r,6,O,NA
23826,2011,97,12,2yr,2,11.9459,79.7535,r,10,O,NA
23831,2006,98,4,NA,NA,12.428,79.568,n,3,O,NA
23831,2007,85,5,n,NA,12.01,79.714,r,4,O,NA
23831,2008,105,6,n,NA,12.162,79.657,r,11,O,NA
23831,2011,97,9,c,2,12.3385,79.5974,r,6,O,NA
23837,2006,100,13,n,NA,18.038,80.227,n,11,NA,NA
23838,2006,101,13,c,2,24.111,80.426,n,6,NA,NA
23840,2024,104,18,c,2,21.023,79.542,r,6,NA,NA
23841,2006,101,8,n,NA,23.715,80.341,n,11,O,NA
23845,2006,101,8,n,NA,23.344,80.266,n,11,NA,NA
23847,2006,101,6,c,2,23.628,80.154,n,6,NA,NA
23850,2006,102,4,NA,NA,24.858,80.31,n,3,O,NA
23851,2006,102,12,c,2,25.918,80.25,n,6,O,NA
23854,2006,102,19,c,2,24.787,80.343,n,6,NA,NA
23857,2006,103,18,c,2,20.722,80.64,n,6,NA,NA
23861,2006,103,7,c,1,20.303,80.43,n,5,O,NA
23863,2006,110,22,n,NA,18.468,80.035,n,11,O,NA
23869,2006,114,15,c,2,18.657,80.181,n,6,NA,NA
23869,2009,87,18,yr,1,11.304,79.6545,r,7,NA,NA
23872,2006,114,13,n,NA,21.266,79.804,n,11,C,NA
23872,2014,103,21,n,NA,20.2877,79.7268,r,11,C,NA
23872,2015,115,22,c,1,20.689,79.809,r,5,C,NA
23873,2006,114,14,c,2,21.27,79.725,n,6,NA,NA
23881,2007,85,4,NA,NA,12.262,79.685,n,3,C,NA
23881,2008,107,5,n,NA,12.231,79.646,r,4,C,NA
23881,2009,87,6,n,NA,11.9568,79.7696,r,11,C,NA
23881,2013,103,10,n,NA,11.825,79.83,r,11,C,NA
23881,2014,113,11,c,1,12.282,79.832,r,5,C,NA
23881,2016,117,13,n,NA,11.852,79.812,r,11,C,NA
23881,2021,121,18,n,NA,12.038,79.71,r-obs,11,C,NA
23882,2007,86,3,NA,NA,12.736,79.589,n,2,C,NA
23882,2008,105,4,NA,NA,13.218,79.454,r,3,C,NA
23882,2009,91,5,n,NA,12.737,79.618,r,4,C,NA
23882,2013,104,9,yr,1,13.373,79.653,r,7,C,NA
23882,2014,102,10,n,NA,12.723,79.565,r,11,C,NA
23882,2016,95,12,yr,1,13.387,79.434,r,7,C,NA
23882,2017,112,13,n,NA,12.3101,79.6569,r,11,C,NA
23882,2018,114,14,c,1,12.757,79.558,r,5,C,NA
23882,2019,111,15,yr,1,12.203,79.734,r,7,C,NA
23882,2022,100,18,c,1,13.329,79.653,r,5,C,NA
23882,2024,98,20,c,2,13.716,79.514,r,6,C,NA
23882,2025,116,21,yr,2,13.342,79.704,r,8,C,NA
23883,2008,118,2,NA,NA,18.62,77.883,r,1,C,NA
23887,2007,89,7,n,NA,16.654,76.99,n,11,NA,NA
23888,2007,90,21,n,NA,17.12,76.696,n,11,NA,NA
23892,2007,90,17,n,NA,18.352,77.577,n,11,NA,NA
23895,2007,91,11,yr,1,21.114,77.625,n,7,NA,NA
23897,2007,91,2,NA,NA,21.439,77.594,n,1,NA,NA
23903,2007,95,10,n,NA,13.996,79.284,n,11,NA,NA
23906,2007,99,4,NA,NA,13.803,79.477,n,3,C,NA
23906,2012,100,9,c,1,13.6923,79.4717,r,5,C,NA
23907,2007,99,13,c,1,15.617,79.133,n,5,NA,NA
23909,2007,99,11,n,NA,16.213,79.001,n,11,C,NA
23909,2008,105,12,c,2,13.929,79.333,r,6,C,NA
23909,2009,91,13,yr,1,14.068,79.37,r,7,C,NA
23909,2012,100,16,n,NA,13.3316,79.5175,r,11,C,NA
23909,2013,104,17,c,2,13.932,79.352,r,6,C,NA
23909,2014,97,18,n,NA,13.937,79.295,r,11,C,NA
23912,2007,100,11,yr,1,19.493,79.23,n,7,NA,NA
23916,2007,101,3,NA,NA,18.733,80.017,n,2,C,NA
23916,2014,103,10,yr,2,20.332,79.684,r,8,C,NA
23917,2007,101,4,NA,NA,18.65,80.167,n,3,NA,NA
23917,2010,91,7,n,NA,20.817,78.59,r,11,NA,NA
23918,2007,101,8,n,NA,19.316,80.117,n,11,NA,NA
23918,2018,105,19,yr,2,21.544,78.821,r,8,NA,NA
23919,2007,101,11,n,NA,19.383,80.1,n,11,NA,NA
23924,2008,100,10,c,2,17.963,79.493,n,6,C,NA
23924,2009,96,11,n,NA,18.035,79.481,r,11,C,NA
23928,2008,100,3,NA,NA,17.972,80.129,n,2,NA,NA
23931,2008,102,8,n,NA,21.579,79.693,n,11,C,NA
23931,2012,96,12,c,1,21.2021,79.7029,r,5,C,NA
23932,2008,102,2,NA,NA,21.579,79.693,n,1,NA,NA
23935,2008,102,4,NA,NA,21.465,79.696,n,3,C,NA
23935,2015,115,11,c,2,21.857,79.693,r,6,C,NA
23936,2008,102,3,NA,NA,18.473,79.749,n,2,NA,NA
23936,2025,118,20,n,NA,18.78,79.673,r,11,NA,NA
23937,2008,104,3,NA,NA,16.105,79.004,n,2,C,NA
23937,2011,98,6,n,NA,15.5085,79.4346,r,11,C,NA
23937,2013,110,8,c,1,15.647,79.162,r,5,C,NA
23937,2014,97,9,yr,1,15.595,79.138,r,7,C,NA
23937,2016,97,11,n,NA,16.253,79.004,r,11,C,NA
23937,2022,101,17,n,NA,15.617,79.329,r,11,C,NA
23937,2023,89,18,c,1,14.045,79.532,r,5,C,NA
23939,2008,105,4,NA,NA,14.102,79.628,n,3,C,NA
23939,2011,98,7,n,NA,15.4459,79.4466,r,11,C,NA
23939,2012,99,8,n,NA,13.788,79.4891,r,11,C,NA
23939,2015,111,11,c,1,13.945,79.479,r,5,C,NA
23939,2018,113,14,c,2,16.175,78.976,r,6,C,NA
23939,2021,122,17,c,2,13.869,79.336,r,6,C,NA
23940,2011,117,3,NA,NA,15.4754,79.43713,r,2,C,NA
23940,2016,97,8,n,NA,15.999,79.984,r,11,C,NA
23940,2018,114,10,c,2,15.9,79.161,r,6,C,NA
23942,2008,107,11,yr,1,12.103,79.754,n,7,NA,NA
23944,2008,109,5,n,NA,16.664,77.043,n,4,C,NA
23944,2010,108,7,n,NA,16.448,77.448,r,11,C,NA
23944,2014,112,11,n,NA,18.201,77.886,r,11,C,NA
23944,2016,105,13,c,2,18.17,77.906,r,6,C,NA
23944,2018,93,15,c,2,18.13,77.892,r,6,C,NA
23945,2008,110,9,n,NA,22.122,77.55,n,11,NA,NA
23947,2008,111,3,NA,NA,16.41,76.864,n,2,NA,NA
23948,2008,111,16,n,NA,16.162,76.72,n,11,NA,NA
23952,2011,109,3,NA,NA,20.855,78.584,r,2,C,NA
23952,2012,119,4,NA,NA,21.008,78.579,r,3,C,NA
23952,2014,90,6,n,NA,20.768,78.557,r,11,C,NA
23952,2015,93,7,n,NA,20.517,78.454,r,11,C,NA
23952,2016,107,8,n,NA,20.7319,78.5445,r,11,C,NA
23952,2018,100,10,c,1,20.119,78.494,r,5,C,NA
23952,2021,112,13,c,1,20.876,78.563,r,5,C,NA
23952,2022,83,14,yr,1,21.127,78.589,r,7,C,NA
23956,2008,115,3,NA,NA,22.932,78.117,n,2,C,NA
23956,2014,116,9,n,NA,22.28,78.202,r,11,C,NA
23956,2017,113,12,n,NA,21.992,78.566,r,11,C,NA
23956,2023,99,18,c,2,22.033,78.28,r,6,C,NA
23956,2025,105,20,n,NA,21.931,78.384,r,11,C,NA
23957,2008,115,4,NA,NA,23.103,78.13,n,3,NA,NA
23958,2008,115,5,c,1,21.942,78.206,n,5,C,NA
23958,2016,107,13,c,2,20.7184,78.2172,r,6,C,NA
23966,2008,116,14,c,2,18.477,77.748,n,6,O,NA
23966,2010,84,16,2yr,1,16.396,77.024,r,9,O,NA
23966,2011,116,17,c,2,15.816,77.559,r,6,O,NA
23970,2008,117,10,n,NA,16.187,76.962,n,11,NA,NA
23972,2008,117,12,yr,2,17.547,76.787,n,8,C,NA
23977,2016,106,9,yr,1,22.803,77.522,r,7,C,NA
23977,2018,100,11,n,NA,22.32,77.464,r,11,C,NA
23979,2008,119,12,2yr,1,14.976,77.701,n,9,C,NA
23979,2010,118,14,n,NA,15.67,78.25,r,11,C,NA
23979,2015,107,19,2yr,2,15.264,77.764,r,10,C,NA
23979,2016,114,20,n,NA,15.899,77.506,r,11,C,NA
23980,2008,119,2,NA,NA,14.976,77.701,n,1,C,NA
23980,2010,81,4,NA,NA,16.06,77.4933333333333,r,3,C,NA
23980,2011,116,5,n,NA,15.36,77.765,r,4,C,NA
23980,2012,105,6,n,NA,14.6167,77.7768,r,11,C,NA
23980,2013,96,7,n,NA,14.708,77.515,r,11,C,NA
23980,2014,92,8,c,2,15.2782,77.6316,r,6,C,NA
23980,2015,109,9,yr,2,15.346,77.806,r,8,C,NA
23980,2016,114,10,n,NA,16.476,77.846,r,11,C,NA
23980,2017,86,11,c,2,16.158,77.752,r,6,C,NA
23980,2021,116,15,yr,2,16.835,77.766,r,8,C,NA
23980,2022,107,16,2yr,2,15.098,77.696,r,10,C,NA
23980,2023,103,17,c,1,16.103,77.749,r,5,C,NA
23980,2024,93,18,yr,1,14.462,77.754,r,7,C,NA
23980,2025,110,19,n,NA,15.454,77.72,r,11,C,NA
23987,2011,97,2,NA,NA,11.9459,79.7535,r,1,O,NA
23988,2011,97,2,NA,NA,11.9459,79.7535,r,1,O,NA
23989,2009,92,4,NA,NA,15.382,79.461,n,3,C,NA
23989,2012,99,7,n,NA,15.2337,79.5345,r,11,C,NA
23990,2009,92,12,n,NA,16.442,78.886,n,11,NA,NA
23992,2009,96,4,NA,NA,15.905,79.861,n,3,C,NA
23992,2010,106,5,n,NA,16.3583333333333,78.445,r,4,C,NA
23992,2011,94,6,c,1,16.17083,78.53883,r,5,C,NA
23992,2014,94,9,yr,2,16.479,78.62,r,8,C,NA
23992,2017,87,12,c,2,16.456,78.938,r,6,C,NA
23992,2021,96,16,yr,1,15.403,78.79,r-obs,7,C,NA
23992,2022,102,17,c,1,15.332,78.734,r,5,C,NA
23992,2023,94,18,yr,1,17.045,78.385,r,7,C,NA
23993,2009,96,9,c,2,17.809,79.817,n,6,NA,NA
23998,2009,103,5,n,NA,20.9393,78.6123,n,4,O,NA
26002,2009,105,13,n,NA,25.451,76.703,n,11,O,NA
26007,2009,106,5,n,NA,18.95,78.045,n,4,NA,NA
26009,2009,108,3,n,NA,16.264,76.914,n,2,NA,NA
26009,2010,83,4,n,NA,19.877,78.6,r,3,NA,NA
26009,2012,111,6,c,2,18.831,78.508,r,6,NA,NA
26010,2018,98,10,n,NA,21.422,78.977,r,11,C,NA
26012,2009,112,4,NA,NA,20.12,78.621,n,3,NA,NA
26018,2009,115,18,c,1,18.335,77.669,n,5,C,NA
26018,2011,109,20,c,3,18.922,78.461,r,6,C,NA
26018,2012,111,21,yr,1,18.928,78.058,r,7,C,NA
26018,2015,111,24,c,3,15.952,79.223,r,6,C,NA
26018,2017,83,26,2yr,1,14.11,78.32,r,9,C,NA
26023,2010,88,9,n,NA,22.069,78.531,n,11,NA,NA
26025,2010,98,13,c,2,21.1233333333333,78.5983333333333,n,6,NA,NA
26025,2012,108,15,n,NA,20.21,78.52,r,11,NA,NA
26027,2017,101,7,n,NA,21.0647,78.8848,r,11,NA,NA
26028,2010,100,5,n,NA,22.025,78.579,n,4,NA,NA
26030,2010,103,6,n,NA,20.7383333333333,78.675,n,11,NA,NA
26031,2010,106,17,n,NA,14.4,78.55,n,11,NA,NA
26032,2010,106,5,n,NA,16.625,78.6266666666667,n,4,NA,NA
26033,2010,107,11,c,1,14.5866666666667,78.5,n,5,NA,NA
26036,2010,109,13,n,NA,15.965,76.873,n,11,NA,NA
26039,2011,97,3,NA,NA,13.1789,79.6065,n,2,NA,NA
26044,2011,100,11,c,2,22.225,80.398,n,6,O,NA
26047,2011,100,9,n,NA,22.1752,80.3897,n,11,O,NA
26047,2023,94,21,n,NA,18.47014,77.78177,r,11,O,NA
26050,2011,109,5,n,NA,20.42,78.206,n,4,NA,NA
26052,2013,119,2,NA,NA,18.983,78.308,r,1,C,NA
26052,2017,83,6,n,NA,16.91,78.657,r,11,C,NA
26052,2018,112,7,c,1,14.733,78.724,r,5,C,NA
26052,2022,98,11,yr,2,15.172,78.634,r,8,C,NA
26052,2023,84,12,n,NA,14.821,78.665,r,11,C,NA
26052,2024,86,13,c,1,16.639,78.809,r,5,C,NA
26052,2025,111,14,yr,1,20.395,78.734,r,7,C,NA
26054,2011,109,13,n,NA,21.088,78.582,n,11,O,NA
26061,2011,117,12,yr,2,15.81667,79.615,n,8,NA,NA
26066,2012,95,14,n,NA,20.4697,79.5684,n,11,O,NA
26068,2012,95,12,c,2,21.2467,79.5623,n,6,C,NA
26068,2013,108,13,n,NA,19.491,79.755,r,11,C,NA
26072,2012,96,14,n,NA,20.5739,79.5724,n,11,NA,NA
26073,2012,96,4,n,NA,20.6756,79.6851,n,3,NA,NA
26075,2012,98,24,n,NA,20.6308,79.6899,n,11,NA,NA
26077,2012,98,7,yr,1,21.1449,79.7343,n,7,NA,NA
26079,2012,99,4,NA,NA,13.8848,79.334,n,3,NA,NA
26079,2018,115,10,c,2,13.223,79.691,r,6,NA,NA
26084,2012,109,8,n,NA,21.184,78.588,n,11,C,NA
26084,2016,100,12,c,1,21.486,78.887,r,5,C,NA
26084,2019,112,15,n,NA,21.543,78.879,r,11,C,NA
26084,2023,105,19,n,NA,21.674,78.934,r,11,C,NA
26085,2012,109,3,NA,NA,21.101,78.844,n,2,NA,NA
26088,2012,110,7,c,2,23.027,77.315,n,6,C,NA
26088,2016,106,11,n,NA,22.874,77.523,r,11,C,NA
26088,2017,91,12,c,1,22.736,77.58,r,5,C,NA
26095,2012,111,5,n,NA,19.17,78.15,n,4,C,NA
26095,2013,100,6,n,NA,24.223,77.93,r,11,C,NA
26098,2012,115,11,n,NA,23.592,77.935,n,11,NA,NA
26099,2012,116,11,n,NA,21.119,78.586,n,11,NA,NA
26102,2012,118,5,n,NA,20.229,78.655,n,4,C,NA
26102,2016,111,9,c,2,21.375,78.745,r,6,C,NA
26102,2025,111,18,c,2,21.308,78.558,r,6,C,NA
26103,2012,118,15,n,NA,18.483,77.738,n,11,C,NA
26103,2016,105,19,yr,1,18.314,77.858,r,7,C,NA
26103,2018,93,21,n,NA,18.414,77.584,r,11,C,NA
26106,2012,120,17,2yr,2,14.288,78.471,n,10,NA,NA
26107,2012,120,2,NA,NA,14.288,78.471,n,1,NA,NA
26107,2013,106,3,NA,NA,18.817,79.983,r,2,NA,NA
26107,2014,104,4,n,NA,17.819,79.439,r,3,NA,NA
26108,2012,120,2,NA,NA,14.288,78.471,n,1,NA,NA
26110,2018,94,6,n,NA,19.161,78.552,r,11,C,NA
26110,2019,98,7,n,NA,18.972,78.268,r,11,C,NA
26113,2014,116,7,n,NA,21.328,77.959,r,11,C,NA
26113,2015,92,8,n,NA,21.02,78.559,r,11,C,NA
26117,2015,94,16,c,1,20.575,78.601,r,5,C,NA
26131,2013,96,7,n,NA,14.66,77.513,n,11,C,NA
26131,2014,96,8,n,NA,14.697,77.481,r,11,C,NA
26131,2016,109,10,c,2,15.869,77.505,r,6,C,NA
26131,2017,100,11,yr,2,15.989,77.5156,r,8,C,NA
26131,2019,97,13,n,NA,16.251,77.025,r,11,C,NA
26131,2021,124,15,n,2,14.53,77.552,r-obs,11,C,NA
26131,2024,108,18,c,3,14.161,77.558,r,6,C,NA
26131,2025,100,19,yr,2,15.137,77.107,r,8,C,NA
26132,2013,96,18,yr,1,15.592,77.399,n,7,NA,NA
26135,2013,99,9,n,NA,16.932,77.03,n,11,O,NA
26137,2013,100,5,c,2,22.848,77.032,n,6,C,NA
26141,2013,101,7,n,NA,25.478,76.676,n,11,O,NA
26143,2013,101,11,n,NA,22.902,76.605,n,11,O,NA
26147,2013,103,12,c,2,12.275,79.711,n,6,NA,NA
26153,2013,105,10,c,2,13.823,79.542,n,6,NA,NA
26157,2013,106,8,c,2,19.006,80.253,n,6,NA,NA
26160,2013,106,14,c,2,18.267,80.174,n,6,NA,NA
26163,2013,107,13,yr,1,20.168,80.477,n,7,NA,NA
26165,2013,107,12,n,NA,19.18,80.085,n,11,C,NA
26165,2015,112,14,n,NA,19.361,80.109,r,11,C,NA
26167,2013,107,2,NA,NA,19.204,80.087,n,1,NA,NA
26168,2013,108,12,c,2,21.119,79.543,n,6,NA,NA
26171,2013,108,8,n,NA,19.491,79.755,n,11,C,NA
26171,2021,104,16,yr,2,21.009,79.003,r,8,C,NA
26171,2022,94,17,2yr,2,21.093,79.718,r,10,C,NA
26171,2024,99,19,n,NA,17.836,79.803,r,11,C,NA
26171,2025,117,20,c,1,17.241,79.938,r,5,C,NA
26172,2013,109,13,n,NA,21.875,79.721,n,11,NA,NA
26175,2013,119,2,NA,NA,20.126,78.535,n,1,C,NA
26175,2014,90,3,NA,NA,21.442,78.597,r,2,C,NA
26175,2016,98,5,n,NA,20.158,79.107,r,4,C,NA
26177,2014,93,2,n,NA,19.199,78.561,r,1,C,NA
26179,2014,114,11,n,NA,22.22,78.402,r,11,C,NA
26179,2015,94,12,n,NA,20.216,78.704,r,11,C,NA
26179,2017,92,14,c,1,21.299,78.848,r,5,C,NA
26185,2018,108,22,n,NA,18.048,77.512,r,11,O,NA
26193,2019,93,15,n,NA,24.624,77.617,r,11,NA,NA
26200,2014,90,19,n,NA,20.973,78.67,n,11,O,NA
26204,2014,93,8,n,NA,21.699,78.606,n,11,O,NA
26205,2014,93,11,yr,1,21.768,78.614,n,7,C,NA
26205,2017,97,14,n,NA,19.255,78.432,r,11,C,NA
26208,2015,78,2,NA,NA,16.91,78.352,k-death,1,C,NA
26209,2014,95,11,n,NA,18.809,78.506,n,11,C,NA
26209,2016,105,13,yr,1,18.184,77.879,r,7,C,NA
26209,2017,88,14,n,NA,19.078,78.342,r,11,C,NA
26209,2018,107,15,c,1,18.455,77.769,r,5,C,NA
26210,2014,95,13,2yr,1,18.284,77.7,n,9,NA,NA
26212,2014,103,16,n,NA,21.1644,79.5335,n,11,NA,NA
26213,2015,115,2,NA,NA,20.759,79.566,r,1,NA,NA
26214,2015,112,2,NA,NA,20.544,79.674,r,1,C,NA
26214,2024,104,11,c,2,21.391,79.819,r,6,C,NA
26214,2025,119,12,yr,1,20.361,79.68,r,7,C,NA
26217,2014,106,10,n,NA,20.79977,80.67371,n,11,O,NA
26219,2014,106,6,n,NA,20.7685,80.6756,n,11,O,NA
26220,2014,106,8,n,NA,19.9069,80.6305,n,11,O,NA
26224,2014,114,6,n,NA,23.329,78.035,n,11,NA,NA
26225,2014,116,19,n,NA,20.432,78.192,n,11,O,NA
26225,2016,104,21,n,NA,18.407,77.782,r,11,O,NA
26226,2014,117,7,c,1,14.1185,78.7361,n,5,NA,NA
26236,2015,107,2,NA,NA,15.264,77.764,n,1,C,NA
26236,2021,118,8,yr,2,17.149,77.762,r,8,C,NA
26236,2023,82,10,n,NA,14.497,77.772,r,11,C,NA
26236,2025,123,12,n,NA,13.857,78.308,r,11,C,NA
26238,2017,87,2,NA,NA,14.197,78.423,r,1,C,NA
26238,2019,107,4,NA,NA,14.281,78.535,r,3,C,NA
26240,2018,114,3,NA,NA,13.844,79.383,r,2,C,NA
26240,2022,100,7,c,2,13.876,79.372,r,6,C,NA
26240,2023,84,8,n,NA,13.2344,79.4569,r,11,C,NA
26240,2024,98,9,n,NA,13.315,79.579,r,11,C,NA
26240,2025,116,10,c,1,13.209,79.499,r,5,C,NA
26241,2015,112,8,n,NA,19.38,80.152,n,11,O,NA
26241,2024,102,17,n,NA,19.373,80.146,r,11,O,NA
26243,2015,114,8,c,2,22.207,80.287,n,6,C,NA
26253,2015,119,3,NA,NA,19.046,78.424,n,2,C,NA
26253,2018,109,6,c,1,20.361,78.193,r,5,C,NA
26255,2017,86,2,NA,NA,18.881,78.308,r,1,C,NA
26255,2021,116,6,n,NA,19.143,78.33,r,11,C,NA
26255,2022,90,7,c,2,18.972,78.479,r,6,C,NA
26263,2016,98,7,n,NA,19.836,79.097,n,11,C,NA
26263,2018,110,9,n,NA,20.824,78.96,r,11,C,NA
26263,2019,112,10,n,NA,19.744,79.073,r,11,C,NA
26263,2025,121,16,yr,1,19.608,79.144,r,7,C,NA
26265,2016,99,15,n,NA,21.905,79.018,n,11,O,NA
26269,2016,101,6,n,NA,29.182,78.861,n,11,O,NA
26271,2016,101,14,n,NA,28.227,78.914,n,11,O,NA
26273,2017,102,2,NA,NA,19.2346,78.5396,r,1,C,NA
26279,2016,107,21,n,NA,20.1839,78.4928,n,11,O,NA
26281,2023,97,7,c,1,22.372,78.166,r,5,C,NA
26284,2016,109,3,NA,NA,16.582,76.99,n,2,NA,NA
26284,2024,92,11,yr,2,15.638,77.022,r,8,NA,NA
26284,2025,100,12,n,NA,16.254,76.924,r,11,NA,NA
26287,2016,111,7,n,NA,21.111,78.584,n,11,NA,NA
26288,2016,116,14,c,1,20.51,78.881,n,5,NA,NA
26292,2016,116,8,n,NA,23.351,78.27,n,11,NA,NA
26297,2021,119,4,NA,NA,14.357,78.684,r,3,C,2022
26302,2017,97,6,n,NA,19.811,78.607,n,11,C,NA
26305,2017,101,11,yr,1,20.5139,78.1898,n,7,O,NA
26308,2024,85,7,n,NA,16.414,78.487,r,11,C,NA
26308,2025,96,8,c,2,16.3441,77.0471,r,6,C,NA
26310,2017,113,2,NA,NA,23.117,78.224,n,1,NA,NA
26310,2022,91,7,c,2,21.721,78.092,r,6,NA,NA
26310,2023,99,8,yr,1,22.027,78.203,r,7,NA,NA
26313,2017,114,4,n,NA,23.231,77.319,n,3,NA,NA
26315,2018,92,11,yr,1,21.7132,77.9801,n,7,O,NA
26325,2018,104,8,2yr,1,25.361,76.666,n,9,O,NA
26327,2018,104,6,n,NA,25.349,76.684,n,11,O,NA
26328,2018,104,8,n,NA,22.062,77.521,n,11,O,NA
26335,2018,110,24,c,2,20.428,78.915,n,6,C,NA
26335,2022,90,28,n,NA,20.438,78.928,r,11,C,NA
26341,2021,110,3,NA,NA,12.418,79.57,r,2,C,NA
26350,2019,91,8,c,2,22.878,77.562,n,6,NA,NA
26353,2019,92,6,n,NA,23.327,77.175,n,11,O,NA
26355,2019,93,8,2yr,1,25.794,77.887,n,9,O,NA
26358,2019,94,11,n,NA,26.506,78.835,n,11,C,NA
26358,2022,93,14,2yr,1,21.037,78.554,r,9,C,NA
26359,2019,94,2,NA,NA,28.136,79.045,n,1,NA,NA
26360,2019,97,4,NA,NA,16.68,77.056,n,3,NA,NA
26361,2019,112,25,n,NA,19.979,78.985,n,11,C,NA
26363,2022,102,2,NA,NA,15.254,78.633,r,1,NA,NA
26363,2023,95,3,NA,NA,14.254,78.735,r,2,NA,NA
26365,2023,97,22,n,NA,21.164,77.709,r,11,NA,NA
26380,2021,102,3,NA,NA,20.343,78.715,n,2,NA,NA
26380,2022,88,4,NA,NA,21.098,78.589,r,3,NA,NA
26380,2023,98,5,n,NA,20.478,78.718,r,4,NA,NA
26381,2021,104,8,n,NA,21.446,78.987,n,11,C,NA
26383,2022,94,2,NA,NA,21.093,79.718,r,1,NA,NA
26386,2021,112,20,n,NA,21.063,78.203,n,11,C,NA
26389,2021,113,8,n,NA,21.412,78.592,n,11,O,NA
26402,2022,93,2,NA,NA,21.037,78.554,n,1,NA,NA
26404,2022,94,23,2yr,1,20.732,79.584,n,9,NA,NA
26405,2022,94,2,NA,NA,20.732,79.584,n,1,NA,NA
26405,2024,104,4,NA,NA,21.568,79.759,r,3,NA,NA
26405,2025,119,5,n,NA,20.035,79.704,r,4,NA,NA
26406,2022,95,14,yr,1,19.957,79.281,n,7,NA,NA
26408,2022,97,7,c,2,22.4003,77.646,n,6,NA,NA
26412,2022,97,3,NA,NA,23.103,77.576,n,2,NA,NA
26412,2023,99,4,NA,NA,21.397,77.833,r,3,NA,NA
26420,2023,84,5,n,NA,15.883,78.488,n,4,NA,NA
26420,2024,101,6,n,NA,17.758,79.535,r,11,NA,NA
26423,2023,97,3,NA,NA,22.39,78.165,n,2,NA,NA
26425,2023,98,5,n,NA,21.187,78.897,n,4,NA,NA
26431,2023,100,5,n,NA,23.017,77.539,n,4,NA,NA
26435,2023,105,2,NA,NA,21.659,78.981,n,1,NA,NA
26436,2023,105,16,yr,1,21.691,78.98,n,7,NA,NA
26443,2025,96,2,NA,NA,16.63,77.042,r,1,NA,NA
26444,2024,97,6,n,NA,12.116,79.644,n,11,NA,NA
26449,2024,102,2,NA,NA,17.963,80.106,n,1,NA,NA
26451,2024,102,2,NA,NA,19.782,80.616,n,1,NA,NA
26455,2024,104,18,c,2,21.885,79.7,n,6,NA,NA
26465,2025,99,8,yr,1,17.133,77.779,n,7,NA,NA
26468,2025,104,7,n,NA,19.244,78.429,n,11,NA,NA
26469,2025,105,6,n,NA,21.733,78.563,n,11,NA,NA
26471,2025,105,10,n,NA,21.733,78.563,n,11,NA,NA
